{"results": {"loss/edit_val": 46.30698204040527, "loss/loc_val": 0.09999999999999999, "edit/acc_val": 0.18833333551883696, "edit/log_prob_val": -46.30698204040527, "edit/prob_val": 0.18402432872995336, "acc/pre_val": 0.09999999999999999, "acc/post_val": 0.09999999999999999, "nll/pre_val": 0.10000000000000005, "perplexity/pre_val": 1.1051709180756477, "nll/post_val": 0.10000000000000005, "perplexity/post_val": 1.1051709180756477, "n_tokens/pre_val": 0.09999999999999999, "n_tokens/post_val": 0.09999999999999999, "time/edit_val": 0.451580286026001, "loss/total_val": 4.630698323249817, "loss/total_edit_val": 4.630698323249817, "memory/alloc_max_val": 0.0, "memory/res_max_val": 0.0, "eval_time/elapsed": 5.69975733757019, "eval_time/average": 0.569975733757019}}