{"results": {"loss/edit_val": 0.44449922770912137, "loss/loc_val": 0.10000000000000012, "edit/acc_val": 0.9635768231836338, "edit/log_prob_val": -0.44449922770912137, "edit/prob_val": 0.9609551391263215, "acc/pre_val": 0.10000000000000012, "acc/post_val": 0.10000000000000012, "nll/pre_val": 0.0999999999999999, "perplexity/pre_val": 1.1051709180756475, "nll/post_val": 0.0999999999999999, "perplexity/post_val": 1.1051709180756475, "n_tokens/pre_val": 0.10000000000000012, "n_tokens/post_val": 0.10000000000000012, "time/edit_val": 0.33908553493833077, "loss/total_val": 0.04444992310307963, "loss/total_edit_val": 0.04444992310307963, "memory/alloc_max_val": 71944950784.0, "memory/res_max_val": 74291609600.0, "eval_time/elapsed": 87.72967863082886, "eval_time/average": 0.4258722263632469}}