{"results": {"loss/edit_val": 0.3044643482010887, "loss/loc_val": 0.28759124125932817, "edit/acc_val": 0.945, "edit/log_prob_val": -0.3044643482010887, "edit/prob_val": 0.8570989418566863, "acc/pre_val": 0.172, "acc/post_val": 0.137, "nll/pre_val": 5.325839996337891, "perplexity/pre_val": 205.58094787597656, "nll/post_val": 5.627707481384277, "perplexity/post_val": 278.0239562988281, "n_tokens/pre_val": 1.0099999904632568, "n_tokens/post_val": 1.0099999904632568, "time/edit_val": 0.33099233293533326, "loss/total_val": 0.318037675674801, "loss/total_edit_val": 0.318037675674801, "memory/alloc_max_val": 78158674432.0, "memory/res_max_val": 79899394048.0, "eval_time/elapsed": 571.4885227680206, "eval_time/average": 0.5714885227680206}}